{
  "company": [
    {
      "id": "7:23:44:138:160:1",
      "description": "Tata Chemicals Europe (formerly Brunner Mond (UK) Limited) is a UK-based chemicals company that is a subsidiary of Tata Chemicals Limited, itself a part of the India-based Tata Group.",
      "name": "Tata Chemicals Europe",
      "Relation": "SUBSIDIARY_OF",
      "Object": "Tata Chemicals Limited"
    },
    {
      "id": "7:162:168:183:205:1",
      "description": "Tata Chemicals Europe (formerly Brunner Mond (UK) Limited) is a UK-based chemicals company that is a subsidiary of Tata Chemicals Limited, itself a part of the India-based Tata Group.",
      "name": "itself",
      "Relation": "SUBSIDIARY_OF",
      "Object": "India-based Tata Group"
    },
    {
      "id": "7:114:118:138:160:1",
      "description": "Tata Chemicals Europe (formerly Brunner Mond (UK) Limited) is a UK-based chemicals company that is a subsidiary of Tata Chemicals Limited, itself a part of the India-based Tata Group.",
      "name": "that",
      "Relation": "SUBSIDIARY_OF",
      "Object": "Tata Chemicals Limited"
    },
    {
      "id": "7:55:80:138:160:1",
      "description": "Tata Chemicals Europe (formerly Brunner Mond (UK) Limited) is a UK-based chemicals company that is a subsidiary of Tata Chemicals Limited, itself a part of the India-based Tata Group.",
      "name": "Brunner Mond (UK) Limited",
      "Relation": "SUBSIDIARY_OF",
      "Object": "Tata Chemicals Limited"
    },
    {
      "id": "7:23:44:162:168:1",
      "description": "Tata Chemicals Europe (formerly Brunner Mond (UK) Limited) is a UK-based chemicals company that is a subsidiary of Tata Chemicals Limited, itself a part of the India-based Tata Group.",
      "name": "Tata Chemicals Europe",
      "Relation": "SUBSIDIARY_OF",
      "Object": "itself"
    },
    {
      "id": "7:138:160:183:205:1",
      "description": "Tata Chemicals Europe (formerly Brunner Mond (UK) Limited) is a UK-based chemicals company that is a subsidiary of Tata Chemicals Limited, itself a part of the India-based Tata Group.",
      "name": "Tata Chemicals Limited",
      "Relation": "SUBSIDIARY_OF",
      "Object": "India-based Tata Group"
    },
    {
      "id": "4788:424:429:430:432:2",
      "description": "Tim was obsessing over bands, running a fanzine and releasing Bloc Party's debut single, Toby was running reputable website rockfeedback.com, which he set up aged 15 from his bedroom, whilst making shows for MTV and - promoting a Bloc Party gig.",
      "name": "which",
      "Relation": "FOUNDED_BY",
      "Object": "he"
    },
    {
      "id": "4788:424:429:453:456:2",
      "description": "Tim was obsessing over bands, running a fanzine and releasing Bloc Party's debut single, Toby was running reputable website rockfeedback.com, which he set up aged 15 from his bedroom, whilst making shows for MTV and - promoting a Bloc Party gig.",
      "name": "which",
      "Relation": "FOUNDED_BY",
      "Object": "his"
    },
    {
      "id": "4788:406:422:430:432:2",
      "description": "Tim was obsessing over bands, running a fanzine and releasing Bloc Party's debut single, Toby was running reputable website rockfeedback.com, which he set up aged 15 from his bedroom, whilst making shows for MTV and - promoting a Bloc Party gig.",
      "name": "rockfeedback.com",
      "Relation": "FOUNDED_BY",
      "Object": "he"
    },
    {
      "id": "4788:406:422:453:456:2",
      "description": "Tim was obsessing over bands, running a fanzine and releasing Bloc Party's debut single, Toby was running reputable website rockfeedback.com, which he set up aged 15 from his bedroom, whilst making shows for MTV and - promoting a Bloc Party gig.",
      "name": "rockfeedback.com",
      "Relation": "FOUNDED_BY",
      "Object": "his"
    },
    {
      "id": "4788:424:429:371:375:2",
      "description": "Tim was obsessing over bands, running a fanzine and releasing Bloc Party's debut single, Toby was running reputable website rockfeedback.com, which he set up aged 15 from his bedroom, whilst making shows for MTV and - promoting a Bloc Party gig.",
      "name": "which",
      "Relation": "FOUNDED_BY",
      "Object": "Toby"
    },
    {
      "id": "1511:512:541:559:578:1",
      "description": "KG and Celgene Cellular Therapeutics, a subsidiary of Celgene Corporation.",
      "name": "Celgene Cellular Therapeutics",
      "Relation": "SUBSIDIARY_OF",
      "Object": "Celgene Corporation"
    },
    {
      "id": "7183:58:80:18:34:4",
      "description": "John F. Lundgren is CEO and Chairman of Stanley Black & Decker (SWK), a position he has held since March 1, 2004.",
      "name": "Stanley Black & Decker",
      "Relation": "CEO",
      "Object": "John F. Lundgren"
    },
    {
      "id": "7183:82:85:18:34:4",
      "description": "John F. Lundgren is CEO and Chairman of Stanley Black & Decker (SWK), a position he has held since March 1, 2004.",
      "name": "SWK",
      "Relation": "CEO",
      "Object": "John F. Lundgren"
    },
    {
      "id": "7183:58:80:99:101:4",
      "description": "John F. Lundgren is CEO and Chairman of Stanley Black & Decker (SWK), a position he has held since March 1, 2004.",
      "name": "Stanley Black & Decker",
      "Relation": "CEO",
      "Object": "he"
    },
    {
      "id": "7183:82:85:99:101:4",
      "description": "John F. Lundgren is CEO and Chairman of Stanley Black & Decker (SWK), a position he has held since March 1, 2004.",
      "name": "SWK",
      "Relation": "CEO",
      "Object": "he"
    },
    {
      "id": "3314:1493:1519:1529:1532:2",
      "description": "Before forming Collins, O\u00e2\u20ac\u2122Neal & Swofford in 2009, Rob served as Vice President and general counsel to a Houston engineering and consulting firm that serviced clients throughout the United States and overseas.",
      "name": "Collins, O\u00e2\u20ac\u2122Neal & Swofford",
      "Relation": "FOUNDED_BY",
      "Object": "Rob"
    },
    {
      "id": "4927:395:397:441:469:3",
      "description": "Of Armenian descent, he was the founder and first president of the Armenian Academy of Sciences (1943\u00e2\u20ac\u201c47).",
      "name": "he",
      "Relation": "FOUNDED_BY",
      "Object": "Armenian Academy of Sciences"
    },
    {
      "id": "4927:441:469:471:475:5",
      "description": "Of Armenian descent, he was the founder and first president of the Armenian Academy of Sciences (1943\u00e2\u20ac\u201c47).",
      "name": "Armenian Academy of Sciences",
      "Relation": "FOUNDED_BY",
      "Object": "1943"
    },
    {
      "id": "4927:441:469:395:397:2",
      "description": "Of Armenian descent, he was the founder and first president of the Armenian Academy of Sciences (1943\u00e2\u20ac\u201c47).",
      "name": "Armenian Academy of Sciences",
      "Relation": "FOUNDED_BY",
      "Object": "he"
    },
    {
      "id": "1756:458:479:483:487:5",
      "description": "His passion was coin collecting and he also co-founded the South Shore Coin Club in 1972.",
      "name": "South Shore Coin Club",
      "Relation": "DATE_FOUNDED",
      "Object": "1972"
    },
    {
      "id": "7868:37:47:63:77:5",
      "description": "The First Army was created on 1 January 2015 in an effort to unify rebel ranks in southern Syria.",
      "name": "First Army",
      "Relation": "DATE_FOUNDED",
      "Object": "1 January 2015"
    },
    {
      "id": "1647:208:223:280:284:1",
      "description": "Today, The Roof Center is a subsidiary of Beacon Roofing Supply, Inc. (NASDAQ: BECN), a Fortune 1000 Company and the largest publicly held distributor of roofing products in the United States.",
      "name": "The Roof Center",
      "Relation": "SUBSIDIARY_OF",
      "Object": "BECN"
    },
    {
      "id": "1647:208:223:243:270:1",
      "description": "Today, The Roof Center is a subsidiary of Beacon Roofing Supply, Inc. (NASDAQ: BECN), a Fortune 1000 Company and the largest publicly held distributor of roofing products in the United States.",
      "name": "The Roof Center",
      "Relation": "SUBSIDIARY_OF",
      "Object": "Beacon Roofing Supply, Inc."
    },
    {
      "id": "30303:253:277:345:353:6",
      "description": "Lazarus Department Store is a family owned and operated clothing store, located in downtown Moultrie, Georgia.",
      "name": "Lazarus Department Store",
      "Relation": "HEADQUARTERS",
      "Object": "Moultrie"
    },
    {
      "id": "30303:253:277:355:362:6",
      "description": "Lazarus Department Store is a family owned and operated clothing store, located in downtown Moultrie, Georgia.",
      "name": "Lazarus Department Store",
      "Relation": "HEADQUARTERS",
      "Object": "Georgia"
    },
    {
      "id": "261:26:45:103:105:6",
      "description": "PJ Lynch Associates is a retained executive search firm based in Ridgefield, CT, established in 1988.",
      "name": "PJ Lynch Associates",
      "Relation": "HEADQUARTERS",
      "Object": "CT"
    },
    {
      "id": "261:26:45:91:101:6",
      "description": "PJ Lynch Associates is a retained executive search firm based in Ridgefield, CT, established in 1988.",
      "name": "PJ Lynch Associates",
      "Relation": "HEADQUARTERS",
      "Object": "Ridgefield"
    },
    {
      "id": "1589:580:582:564:579:1",
      "description": "Together with our parent company, Contital s.r.l. we supply aluminium trays to the UK, Eire, Continental Europe, Middle East, North America, Asia and Australia.",
      "name": "we",
      "Relation": "SUBSIDIARY_OF",
      "Object": "Contital s.r.l."
    },
    {
      "id": "1589:544:547:564:579:1",
      "description": "Together with our parent company, Contital s.r.l. we supply aluminium trays to the UK, Eire, Continental Europe, Middle East, North America, Asia and Australia.",
      "name": "our",
      "Relation": "SUBSIDIARY_OF",
      "Object": "Contital s.r.l."
    },
    {
      "id": "28361:20:38:151:160:10",
      "description": "Vladyslav Mykulyak (Ukrainian: \u00d0\u2019\u00d0\u00bb\u00d0\u00b0\u00d0\u00b4\u00d0\u00b8\u00d1\u00d0\u00bb\u00d0\u00b0\u00d0\u00b2 \u00d0\u00a1\u00d1\u201a\u00d0\u00b5\u00d0\u00bf\u00d0\u00b0\u00d0\u00bd\u00d0\u00be\u00d0\u00b2\u00d0\u00b8\u00d1\u2021 \u00d0\u0153\u00d0\u00b8\u00d0\u00ba\u00d1\u0192\u00d0\u00bb\u00d1\u00d0\u00ba; born 30 August 1984 in Ukrainian SSR, Soviet Union) is a professional Ukrainian footballer who currently plays for V\u00c3\u00a1rda SE.",
      "name": "Vladyslav Mykulyak",
      "Relation": "FOUNDED_BY",
      "Object": "Ukrainian"
    },
    {
      "id": "28361:51:79:151:160:10",
      "description": "Vladyslav Mykulyak (Ukrainian: \u00d0\u2019\u00d0\u00bb\u00d0\u00b0\u00d0\u00b4\u00d0\u00b8\u00d1\u00d0\u00bb\u00d0\u00b0\u00d0\u00b2 \u00d0\u00a1\u00d1\u201a\u00d0\u00b5\u00d0\u00bf\u00d0\u00b0\u00d0\u00bd\u00d0\u00be\u00d0\u00b2\u00d0\u00b8\u00d1\u2021 \u00d0\u0153\u00d0\u00b8\u00d0\u00ba\u00d1\u0192\u00d0\u00bb\u00d1\u00d0\u00ba; born 30 August 1984 in Ukrainian SSR, Soviet Union) is a professional Ukrainian footballer who currently plays for V\u00c3\u00a1rda SE.",
      "name": "\u00d0\u2019\u00d0\u00bb\u00d0\u00b0\u00d0\u00b4\u00d0\u00b8\u00d1\u00d0\u00bb\u00d0\u00b0\u00d0\u00b2 \u00d0\u00a1\u00d1\u201a\u00d0\u00b5\u00d0\u00bf\u00d0\u00b0\u00d0\u00bd\u00d0\u00be\u00d0\u00b2\u00d0\u00b8\u00d1\u2021 \u00d0\u0153\u00d0\u00b8\u00d0\u00ba\u00d1\u0192\u00d0\u00bb\u00d1\u00d0\u00ba",
      "Relation": "FOUNDED_BY",
      "Object": "Ukrainian"
    },
    {
      "id": "28361:172:175:151:160:10",
      "description": "Vladyslav Mykulyak (Ukrainian: \u00d0\u2019\u00d0\u00bb\u00d0\u00b0\u00d0\u00b4\u00d0\u00b8\u00d1\u00d0\u00bb\u00d0\u00b0\u00d0\u00b2 \u00d0\u00a1\u00d1\u201a\u00d0\u00b5\u00d0\u00bf\u00d0\u00b0\u00d0\u00bd\u00d0\u00be\u00d0\u00b2\u00d0\u00b8\u00d1\u2021 \u00d0\u0153\u00d0\u00b8\u00d0\u00ba\u00d1\u0192\u00d0\u00bb\u00d1\u00d0\u00ba; born 30 August 1984 in Ukrainian SSR, Soviet Union) is a professional Ukrainian footballer who currently plays for V\u00c3\u00a1rda SE.",
      "name": "who",
      "Relation": "FOUNDED_BY",
      "Object": "Ukrainian"
    },
    {
      "id": "7167:133:141:115:117:4",
      "description": "Until 15 November 2013, he was the CEO of Belgacom, the leading telecommunications company of Belgium.",
      "name": "Belgacom",
      "Relation": "CEO",
      "Object": "he"
    },
    {
      "id": "236:27:30:58:68:2",
      "description": "CRS was established in 2003 by Mike Clark, Hayden Tennant and Lisa Humphries.",
      "name": "CRS",
      "Relation": "DATE_FOUNDED",
      "Object": "Mike Clark"
    },
    {
      "id": "236:27:30:50:54:5",
      "description": "CRS was established in 2003 by Mike Clark, Hayden Tennant and Lisa Humphries.",
      "name": "CRS",
      "Relation": "DATE_FOUNDED",
      "Object": "2003"
    },
    {
      "id": "236:27:30:70:84:2",
      "description": "CRS was established in 2003 by Mike Clark, Hayden Tennant and Lisa Humphries.",
      "name": "CRS",
      "Relation": "DATE_FOUNDED",
      "Object": "Hayden Tennant"
    },
    {
      "id": "236:27:30:89:103:2",
      "description": "CRS was established in 2003 by Mike Clark, Hayden Tennant and Lisa Humphries.",
      "name": "CRS",
      "Relation": "DATE_FOUNDED",
      "Object": "Lisa Humphries"
    },
    {
      "id": "1563:37:41:86:107:1",
      "description": "Sands China Ltd. (HKSE:1928) is a subsidiary of global resort developer Las Vegas Sands Corp. (NYSE:LVS), and the largest operator of integrated resorts in Macao.",
      "name": "1928",
      "Relation": "SUBSIDIARY_OF",
      "Object": "Las Vegas Sands Corp."
    },
    {
      "id": "1563:14:30:86:107:1",
      "description": "Sands China Ltd. (HKSE:1928) is a subsidiary of global resort developer Las Vegas Sands Corp. (NYSE:LVS), and the largest operator of integrated resorts in Macao.",
      "name": "Sands China Ltd.",
      "Relation": "SUBSIDIARY_OF",
      "Object": "Las Vegas Sands Corp."
    },
    {
      "id": "1563:37:41:114:117:1",
      "description": "Sands China Ltd. (HKSE:1928) is a subsidiary of global resort developer Las Vegas Sands Corp. (NYSE:LVS), and the largest operator of integrated resorts in Macao.",
      "name": "1928",
      "Relation": "SUBSIDIARY_OF",
      "Object": "LVS"
    },
    {
      "id": "1563:14:30:114:117:1",
      "description": "Sands China Ltd. (HKSE:1928) is a subsidiary of global resort developer Las Vegas Sands Corp. (NYSE:LVS), and the largest operator of integrated resorts in Macao.",
      "name": "Sands China Ltd.",
      "Relation": "SUBSIDIARY_OF",
      "Object": "LVS"
    },
    {
      "id": "1427:731:760:645:684:1",
      "description": "Hitachi Automotive Systems Americas, Inc. was formed on January 1, 2011 when Hitachi Automotive Products (USA), Inc. merged and consolidated its two subsidiaries, UNISIA OF GEORGIA CORPORATION and TOKICO (USA) INC.",
      "name": "UNISIA OF GEORGIA CORPORATION",
      "Relation": "SUBSIDIARY_OF",
      "Object": "Hitachi Automotive Products (USA), Inc."
    },
    {
      "id": "1427:731:760:709:712:1",
      "description": "Hitachi Automotive Systems Americas, Inc. was formed on January 1, 2011 when Hitachi Automotive Products (USA), Inc. merged and consolidated its two subsidiaries, UNISIA OF GEORGIA CORPORATION and TOKICO (USA) INC.",
      "name": "UNISIA OF GEORGIA CORPORATION",
      "Relation": "SUBSIDIARY_OF",
      "Object": "its"
    },
    {
      "id": "1427:765:781:645:684:1",
      "description": "Hitachi Automotive Systems Americas, Inc. was formed on January 1, 2011 when Hitachi Automotive Products (USA), Inc. merged and consolidated its two subsidiaries, UNISIA OF GEORGIA CORPORATION and TOKICO (USA) INC.",
      "name": "TOKICO (USA) INC",
      "Relation": "SUBSIDIARY_OF",
      "Object": "Hitachi Automotive Products (USA), Inc."
    },
    {
      "id": "1427:765:781:709:712:1",
      "description": "Hitachi Automotive Systems Americas, Inc. was formed on January 1, 2011 when Hitachi Automotive Products (USA), Inc. merged and consolidated its two subsidiaries, UNISIA OF GEORGIA CORPORATION and TOKICO (USA) INC.",
      "name": "TOKICO (USA) INC",
      "Relation": "SUBSIDIARY_OF",
      "Object": "its"
    },
    {
      "id": "1469:435:439:422:433:1",
      "description": "A subsidiary of Japan's Hino Motors, Hino first began supplying buses to Thailand in 1952.",
      "name": "Hino",
      "Relation": "SUBSIDIARY_OF",
      "Object": "Hino Motors"
    },
    {
      "id": "20392:424:427:437:447:2",
      "description": "Our founder, Louis Clay, continues to run the business and to his credit, served as past-president of the Insurors of Tennessee.",
      "name": "Our",
      "Relation": "FOUNDED_BY",
      "Object": "Louis Clay"
    },
    {
      "id": "20392:424:427:486:489:2",
      "description": "Our founder, Louis Clay, continues to run the business and to his credit, served as past-president of the Insurors of Tennessee.",
      "name": "Our",
      "Relation": "FOUNDED_BY",
      "Object": "his"
    },
    {
      "id": "29744:15:24:111:121:2",
      "description": "Pathology is an American death metal band from San Diego, California, formed in 2006 by drummer Dave Astor (previously with The Locust and Cattle Decapitation).",
      "name": "Pathology",
      "Relation": "DATE_FOUNDED",
      "Object": "Dave Astor"
    },
    {
      "id": "27246:186:189:144:154:2",
      "description": "Created by businessman and activist Patrick Ko, initially as a Facebook page, its stated aim is to show solidarity with, and support for the CY Leung administration.",
      "name": "its",
      "Relation": "FOUNDED_BY",
      "Object": "Patrick Ko"
    },
    {
      "id": "7089:69:96:18:34:4",
      "description": "Stephen Haddrill is Chief Executive Officer of the Financial Reporting Council (FRC) in the United Kingdom.",
      "name": "Financial Reporting Council",
      "Relation": "CEO",
      "Object": "Stephen Haddrill"
    },
    {
      "id": "7089:98:101:18:34:4",
      "description": "Stephen Haddrill is Chief Executive Officer of the Financial Reporting Council (FRC) in the United Kingdom.",
      "name": "FRC",
      "Relation": "CEO",
      "Object": "Stephen Haddrill"
    },
    {
      "id": "25:97:106:9:22:1",
      "description": "Geeknet, Inc. is a Fairfax County, Virginia\u00e2\u20ac\u201cbased company that owns the online retailer ThinkGeek and is a subsidiary of GameStop.",
      "name": "ThinkGeek",
      "Relation": "SUBSIDIARY_OF",
      "Object": "Geeknet, Inc."
    },
    {
      "id": "25:9:22:130:138:1",
      "description": "Geeknet, Inc. is a Fairfax County, Virginia\u00e2\u20ac\u201cbased company that owns the online retailer ThinkGeek and is a subsidiary of GameStop.",
      "name": "Geeknet, Inc.",
      "Relation": "SUBSIDIARY_OF",
      "Object": "GameStop"
    },
    {
      "id": "25:67:71:130:138:1",
      "description": "Geeknet, Inc. is a Fairfax County, Virginia\u00e2\u20ac\u201cbased company that owns the online retailer ThinkGeek and is a subsidiary of GameStop.",
      "name": "that",
      "Relation": "SUBSIDIARY_OF",
      "Object": "GameStop"
    },
    {
      "id": "61:990:1027:926:939:1",
      "description": "He joined with CORE as Senior VP Marketing and Sales at NCC Financial the parent company of the credit counselling firm National Credit Counsellors of Canada in 2003.",
      "name": "National Credit Counsellors of Canada",
      "Relation": "SUBSIDIARY_OF",
      "Object": "NCC Financial"
    },
    {
      "id": "3212:35:46:66:70:5",
      "description": "Helee Group was established in 1989, engaged in pharmaceutical packaging, pharmaceutical, color printing packaging and real estate.",
      "name": "Helee Group",
      "Relation": "DATE_FOUNDED",
      "Object": "1989"
    },
    {
      "id": "1810:385:397:465:493:1",
      "description": "Edina Realty is a Berkshire Hathaway affiliate and a wholly-owned subsidiary of HomeServices of America, Inc.",
      "name": "Edina Realty",
      "Relation": "SUBSIDIARY_OF",
      "Object": "HomeServices of America, Inc"
    },
    {
      "id": "5218:774:799:748:752:5",
      "description": "After several years of losses in the early 1980s, in 1988 CDC started to leave the computer manufacturing business and sell the related parts of the company, a process that was completed in 1992 with the creation of Control Data Systems, Inc.",
      "name": "Control Data Systems, Inc",
      "Relation": "DATE_FOUNDED",
      "Object": "1992"
    },
    {
      "id": "7126:12:22:71:75:5",
      "description": "La Tribune ([la t\u00cai\u00cb\u02c6byn]) is a French newspaper founded in 1985.",
      "name": "La Tribune",
      "Relation": "DATE_FOUNDED",
      "Object": "1985"
    },
    {
      "id": "13013:81:108:16:30:4",
      "description": "Beverly Malone (born 1948) is the chief executive officer of the National League for Nursing in the United States.",
      "name": "National League for Nursing",
      "Relation": "CEO",
      "Object": "Beverly Malone"
    },
    {
      "id": "17499:56:61:22:33:2",
      "description": "Mr. Goldschmidt was the co-founder of Yozma and the core of its management team since inception in January 1993.",
      "name": "Yozma",
      "Relation": "DATE_FOUNDED",
      "Object": "Goldschmidt"
    },
    {
      "id": "17499:78:81:22:33:2",
      "description": "Mr. Goldschmidt was the co-founder of Yozma and the core of its management team since inception in January 1993.",
      "name": "its",
      "Relation": "DATE_FOUNDED",
      "Object": "Goldschmidt"
    },
    {
      "id": "17499:56:61:117:129:5",
      "description": "Mr. Goldschmidt was the co-founder of Yozma and the core of its management team since inception in January 1993.",
      "name": "Yozma",
      "Relation": "DATE_FOUNDED",
      "Object": "January 1993"
    },
    {
      "id": "17499:78:81:117:129:5",
      "description": "Mr. Goldschmidt was the co-founder of Yozma and the core of its management team since inception in January 1993.",
      "name": "its",
      "Relation": "DATE_FOUNDED",
      "Object": "January 1993"
    },
    {
      "id": "15099:277:305:248:250:4",
      "description": "He is the founder and CEO of Just Marketing International (JMI), the world\u00e2\u20ac\u2122s largest motorsport marketing agency.",
      "name": "Just Marketing International",
      "Relation": "CEO",
      "Object": "He"
    },
    {
      "id": "15099:307:310:248:250:4",
      "description": "He is the founder and CEO of Just Marketing International (JMI), the world\u00e2\u20ac\u2122s largest motorsport marketing agency.",
      "name": "JMI",
      "Relation": "CEO",
      "Object": "He"
    },
    {
      "id": "3261:13:17:67:69:3",
      "description": "Paul presently leads the nonlinear mechanics group at UQ (including the Advanced Forming and Railway Mechanics groups).",
      "name": "Paul",
      "Relation": "FOUNDED_BY",
      "Object": "UQ"
    },
    {
      "id": "3261:13:17:85:123:3",
      "description": "Paul presently leads the nonlinear mechanics group at UQ (including the Advanced Forming and Railway Mechanics groups).",
      "name": "Paul",
      "Relation": "FOUNDED_BY",
      "Object": "Advanced Forming and Railway Mechanics"
    },
    {
      "id": "1111:920:937:870:878:4",
      "description": "McMillen currently serves as CEO and President of LEAD1 Association, comprising of 129 of the premier college athletic programs in the country.",
      "name": "LEAD1 Association",
      "Relation": "CEO",
      "Object": "McMillen"
    },
    {
      "id": "1520:451:454:466:470:5",
      "description": "IPG started in 2009 as the Hospitality Performance Group (HPG), focusing on the needs of the hospitality industry in Central Florida.",
      "name": "IPG",
      "Relation": "DATE_FOUNDED",
      "Object": "2009"
    },
    {
      "id": "1520:478:507:466:470:5",
      "description": "IPG started in 2009 as the Hospitality Performance Group (HPG), focusing on the needs of the hospitality industry in Central Florida.",
      "name": "Hospitality Performance Group",
      "Relation": "DATE_FOUNDED",
      "Object": "2009"
    },
    {
      "id": "1520:509:512:466:470:5",
      "description": "IPG started in 2009 as the Hospitality Performance Group (HPG), focusing on the needs of the hospitality industry in Central Florida.",
      "name": "HPG",
      "Relation": "DATE_FOUNDED",
      "Object": "2009"
    },
    {
      "id": "7595:12:22:67:83:6",
      "description": "TVM Comics is a publisher in Vietnam, headquartered in Ho Chi Minh City.",
      "name": "TVM Comics",
      "Relation": "HEADQUARTERS",
      "Object": "Ho Chi Minh City"
    },
    {
      "id": "7595:12:22:41:48:6",
      "description": "TVM Comics is a publisher in Vietnam, headquartered in Ho Chi Minh City.",
      "name": "TVM Comics",
      "Relation": "HEADQUARTERS",
      "Object": "Vietnam"
    },
    {
      "id": "11707:35:64:104:113:6",
      "description": "The Haskell Manufacturing Company was a manufacturer originally based in Ludington, Michigan.",
      "name": "Haskell Manufacturing Company",
      "Relation": "HEADQUARTERS",
      "Object": "Ludington"
    },
    {
      "id": "11707:35:64:115:123:6",
      "description": "The Haskell Manufacturing Company was a manufacturer originally based in Ludington, Michigan.",
      "name": "Haskell Manufacturing Company",
      "Relation": "HEADQUARTERS",
      "Object": "Michigan"
    },
    {
      "id": "1633:121:142:26:46:1",
      "description": "Plas Newydd Care Ltd is the parent company for Mumbles Nursing Home, Yr Hafan Nursing Home and Plas Newydd Care Home.",
      "name": "Plas Newydd Care Home",
      "Relation": "SUBSIDIARY_OF",
      "Object": "Plas Newydd Care Ltd"
    },
    {
      "id": "1633:73:93:26:46:1",
      "description": "Plas Newydd Care Ltd is the parent company for Mumbles Nursing Home, Yr Hafan Nursing Home and Plas Newydd Care Home.",
      "name": "Mumbles Nursing Home",
      "Relation": "SUBSIDIARY_OF",
      "Object": "Plas Newydd Care Ltd"
    },
    {
      "id": "1633:95:116:26:46:1",
      "description": "Plas Newydd Care Ltd is the parent company for Mumbles Nursing Home, Yr Hafan Nursing Home and Plas Newydd Care Home.",
      "name": "Yr Hafan Nursing Home",
      "Relation": "SUBSIDIARY_OF",
      "Object": "Plas Newydd Care Ltd"
    },
    {
      "id": "29498:91:108:10:18:4",
      "description": "Paul Jay (born 1951) is a journalist and filmmaker who founded and is CEO of The Real News Network.",
      "name": "Real News Network",
      "Relation": "CEO",
      "Object": "Paul Jay"
    },
    {
      "id": "29498:91:108:61:64:4",
      "description": "Paul Jay (born 1951) is a journalist and filmmaker who founded and is CEO of The Real News Network.",
      "name": "Real News Network",
      "Relation": "CEO",
      "Object": "who"
    },
    {
      "id": "29498:61:64:25:29:15",
      "description": "Paul Jay (born 1951) is a journalist and filmmaker who founded and is CEO of The Real News Network.",
      "name": "who",
      "Relation": "CEO",
      "Object": "1951"
    },
    {
      "id": "29498:10:18:25:29:15",
      "description": "Paul Jay (born 1951) is a journalist and filmmaker who founded and is CEO of The Real News Network.",
      "name": "Paul Jay",
      "Relation": "CEO",
      "Object": "1951"
    },
    {
      "id": "7117:117:131:17:32:4",
      "description": "Valter Mainetti (Rome, 28 October 1947) is an Italian entrepreneur, CEO and majority shareholder of Sorgente Group.",
      "name": "Sorgente Group",
      "Relation": "CEO",
      "Object": "Valter Mainetti"
    },
    {
      "id": "14779:237:239:275:288:2",
      "description": "Part of the Eli Global portfolio of businesses, it was founded by Eli Global chairman Greg Lindberg and Irish healthcare technology entrepreneur Howard Beggs.",
      "name": "it",
      "Relation": "FOUNDED_BY",
      "Object": "Greg Lindberg"
    },
    {
      "id": "14779:237:239:334:346:2",
      "description": "Part of the Eli Global portfolio of businesses, it was founded by Eli Global chairman Greg Lindberg and Irish healthcare technology entrepreneur Howard Beggs.",
      "name": "it",
      "Relation": "FOUNDED_BY",
      "Object": "Howard Beggs"
    },
    {
      "id": "1422:35:68:89:97:1",
      "description": "Ericsson Mobile Communications AB was a subsidiary of Ericsson, entirely focused on development of mobile phones (handsets).",
      "name": "Ericsson Mobile Communications AB",
      "Relation": "SUBSIDIARY_OF",
      "Object": "Ericsson"
    },
    {
      "id": "1649:449:479:397:423:1",
      "description": "Texas Green & Healthy Inc. is the parent company to Natural Awakenings North Texas, a monthly green and healthy lifestyle magazine, providing current and cutting-edge national and local content on nutrition, fitness, natural health, green living, balance and personal growth.",
      "name": "Natural Awakenings North Texas",
      "Relation": "SUBSIDIARY_OF",
      "Object": "Texas Green & Healthy Inc."
    },
    {
      "id": "12987:879:901:818:825:4",
      "description": "In 2013, Silvers was appointed Chief Executive Officer of Melbourne's St Kilda Youth Service.",
      "name": "St Kilda Youth Service",
      "Relation": "CEO",
      "Object": "Silvers"
    },
    {
      "id": "21648:1293:1307:1314:1329:4",
      "description": "In June 2011 WestPoint Home named Normand Savaria President & CEO, and Taran Chernin Executive VP & Chief Merchandising Officer.",
      "name": "WestPoint Home",
      "Relation": "CEO",
      "Object": "Normand Savaria"
    },
    {
      "id": "1478:18:34:83:102:1",
      "description": "Infinium Capital, a wholly owned subsidiary of the Toronto based Infinium Group Inc., is a leading independent electronic trading firm specializing in alternative quantitative and arbitrage strategies.",
      "name": "Infinium Capital",
      "Relation": "SUBSIDIARY_OF",
      "Object": "Infinium Group Inc."
    },
    {
      "id": "2353:92:97:117:121:5",
      "description": "Knowlton Bennett & Conaway grew out of the law firm Knowlton & Bennett, which was established in 1980 by the late Daniel D. Knowlton and William Mark Bennett.",
      "name": "which",
      "Relation": "DATE_FOUNDED",
      "Object": "1980"
    },
    {
      "id": "2353:72:90:117:121:5",
      "description": "Knowlton Bennett & Conaway grew out of the law firm Knowlton & Bennett, which was established in 1980 by the late Daniel D. Knowlton and William Mark Bennett.",
      "name": "Knowlton & Bennett",
      "Relation": "DATE_FOUNDED",
      "Object": "1980"
    },
    {
      "id": "1494:545:548:534:538:6",
      "description": "The bank has been headquartered in Columbus, Ohio since its merger with Bank One Corporation in 2004.",
      "name": "its",
      "Relation": "HEADQUARTERS",
      "Object": "Ohio"
    },
    {
      "id": "1494:545:548:524:532:6",
      "description": "The bank has been headquartered in Columbus, Ohio since its merger with Bank One Corporation in 2004.",
      "name": "its",
      "Relation": "HEADQUARTERS",
      "Object": "Columbus"
    },
    {
      "id": "1651:119:122:141:162:1",
      "description": "An imprint of Interscope Geffen A&M Records, its parent company is Universal Music Group, a subsidiary of Vivendi SA.",
      "name": "its",
      "Relation": "SUBSIDIARY_OF",
      "Object": "Universal Music Group"
    },
    {
      "id": "1651:141:162:180:190:1",
      "description": "An imprint of Interscope Geffen A&M Records, its parent company is Universal Music Group, a subsidiary of Vivendi SA.",
      "name": "Universal Music Group",
      "Relation": "SUBSIDIARY_OF",
      "Object": "Vivendi SA"
    },
    {
      "id": "1485:19:36:54:70:1",
      "description": "Northport Capital, a subsidiary of Resource America, provides middle market loans in the United States.",
      "name": "Northport Capital",
      "Relation": "SUBSIDIARY_OF",
      "Object": "Resource America"
    },
    {
      "id": "1668:116:130:8:14:1",
      "description": "SWsoft was a privately held server automation and virtualization software company and the parent company of Parallels, Inc.",
      "name": "Parallels, Inc",
      "Relation": "SUBSIDIARY_OF",
      "Object": "SWsoft"
    },
    {
      "id": "7914:316:328:332:336:5",
      "description": "Some of its workers founded Pyro Studios in 1998.",
      "name": "Pyro Studios",
      "Relation": "DATE_FOUNDED",
      "Object": "1998"
    },
    {
      "id": "12333:649:652:578:593:6",
      "description": "The practice was originally located in Western Springs, and moved to its present location when it expanded to its larger, more convenient location in 1996.",
      "name": "its",
      "Relation": "HEADQUARTERS",
      "Object": "Western Springs"
    },
    {
      "id": "12333:634:636:578:593:6",
      "description": "The practice was originally located in Western Springs, and moved to its present location when it expanded to its larger, more convenient location in 1996.",
      "name": "it",
      "Relation": "HEADQUARTERS",
      "Object": "Western Springs"
    },
    {
      "id": "12333:608:611:578:593:6",
      "description": "The practice was originally located in Western Springs, and moved to its present location when it expanded to its larger, more convenient location in 1996.",
      "name": "its",
      "Relation": "HEADQUARTERS",
      "Object": "Western Springs"
    },
    {
      "id": "12986:207:225:129:131:4",
      "description": "He retired as Chairman of the board, President and Chief Executive Officer of Harris Corporation on December 31, 2011.",
      "name": "Harris Corporation",
      "Relation": "CEO",
      "Object": "He"
    },
    {
      "id": "1429:110:112:177:194:1",
      "description": "It was a subsidiary of the Melbourne precision engineering company White & Gillespie.",
      "name": "It",
      "Relation": "SUBSIDIARY_OF",
      "Object": "White & Gillespie"
    },
    {
      "id": "7087:76:87:14:36:4",
      "description": "John Frederick Rishton (born 21 February 1958) was the CEO of Rolls-Royce, which he joined as CEO in March 2011 and left in July 2015.",
      "name": "Rolls-Royce",
      "Relation": "CEO",
      "Object": "John Frederick Rishton"
    },
    {
      "id": "7087:89:94:14:36:4",
      "description": "John Frederick Rishton (born 21 February 1958) was the CEO of Rolls-Royce, which he joined as CEO in March 2011 and left in July 2015.",
      "name": "which",
      "Relation": "CEO",
      "Object": "John Frederick Rishton"
    },
    {
      "id": "7087:89:94:95:97:4",
      "description": "John Frederick Rishton (born 21 February 1958) was the CEO of Rolls-Royce, which he joined as CEO in March 2011 and left in July 2015.",
      "name": "which",
      "Relation": "CEO",
      "Object": "he"
    },
    {
      "id": "7087:76:87:95:97:4",
      "description": "John Frederick Rishton (born 21 February 1958) was the CEO of Rolls-Royce, which he joined as CEO in March 2011 and left in July 2015.",
      "name": "Rolls-Royce",
      "Relation": "CEO",
      "Object": "he"
    },
    {
      "id": "3539:797:800:767:773:6",
      "description": "Viax headquarter is in Venice area and operates with its shareholders companies in 15 countries with its business unit and all over the world with distribution network.",
      "name": "its",
      "Relation": "HEADQUARTERS",
      "Object": "Venice"
    },
    {
      "id": "3539:744:748:767:773:6",
      "description": "Viax headquarter is in Venice area and operates with its shareholders companies in 15 countries with its business unit and all over the world with distribution network.",
      "name": "Viax",
      "Relation": "HEADQUARTERS",
      "Object": "Venice"
    },
    {
      "id": "3539:845:848:767:773:6",
      "description": "Viax headquarter is in Venice area and operates with its shareholders companies in 15 countries with its business unit and all over the world with distribution network.",
      "name": "its",
      "Relation": "HEADQUARTERS",
      "Object": "Venice"
    },
    {
      "id": "3211:17:32:101:106:6",
      "description": "Stevanato Group is an Italian multinational company headquartered in Piombino Dese, Padua \u00e2\u20ac\u201c Italy.",
      "name": "Stevanato Group",
      "Relation": "HEADQUARTERS",
      "Object": "Padua"
    },
    {
      "id": "3211:17:32:109:114:6",
      "description": "Stevanato Group is an Italian multinational company headquartered in Piombino Dese, Padua \u00e2\u20ac\u201c Italy.",
      "name": "Stevanato Group",
      "Relation": "HEADQUARTERS",
      "Object": "Italy"
    },
    {
      "id": "3211:17:32:86:99:6",
      "description": "Stevanato Group is an Italian multinational company headquartered in Piombino Dese, Padua \u00e2\u20ac\u201c Italy.",
      "name": "Stevanato Group",
      "Relation": "HEADQUARTERS",
      "Object": "Piombino Dese"
    },
    {
      "id": "1631:70:79:37:42:1",
      "description": "CSL Limited is a public company which is a parent company of the CSL Group.",
      "name": "CSL Group",
      "Relation": "SUBSIDIARY_OF",
      "Object": "which"
    },
    {
      "id": "1631:70:79:5:16:1",
      "description": "CSL Limited is a public company which is a parent company of the CSL Group.",
      "name": "CSL Group",
      "Relation": "SUBSIDIARY_OF",
      "Object": "CSL Limited"
    },
    {
      "id": "1435:751:760:787:803:1",
      "description": "FNS, Inc. is the U.S. Subsidiary of Pantos Logistics and is an Asset Based Trucking Company and Logistics Firm servicing North America.",
      "name": "FNS, Inc.",
      "Relation": "SUBSIDIARY_OF",
      "Object": "Pantos Logistics"
    },
    {
      "id": "1509:118:120:163:191:1",
      "description": "Established in 1991, it is currently a wholly owned subsidiary of Telekom Malaysia (TM) Berhad.",
      "name": "it",
      "Relation": "SUBSIDIARY_OF",
      "Object": "Telekom Malaysia (TM) Berhad"
    },
    {
      "id": "8284:417:420:485:499:6",
      "description": "On 20 May 2013, the 9th SOS moved from its historic location at Eglin AFB to join the rest of the 1 SOW at Hurlburt Field.",
      "name": "its",
      "Relation": "HEADQUARTERS",
      "Object": "Hurlburt Field"
    },
    {
      "id": "8284:398:405:485:499:6",
      "description": "On 20 May 2013, the 9th SOS moved from its historic location at Eglin AFB to join the rest of the 1 SOW at Hurlburt Field.",
      "name": "9th SOS",
      "Relation": "HEADQUARTERS",
      "Object": "Hurlburt Field"
    },
    {
      "id": "8284:476:481:485:499:6",
      "description": "On 20 May 2013, the 9th SOS moved from its historic location at Eglin AFB to join the rest of the 1 SOW at Hurlburt Field.",
      "name": "1 SOW",
      "Relation": "HEADQUARTERS",
      "Object": "Hurlburt Field"
    },
    {
      "id": "15570:10:24:119:132:2",
      "description": "Cephalon, Inc. was a U.S. biopharmaceutical company co-founded in 1987 by Frank Baldino, Jr, pharmacologist, Michael Lewis, neuroscientist and James C. Kauer, organic chemist, all three former scientists with the DuPont Company.",
      "name": "Cephalon, Inc.",
      "Relation": "DATE_FOUNDED",
      "Object": "Michael Lewis"
    },
    {
      "id": "15570:10:24:153:167:2",
      "description": "Cephalon, Inc. was a U.S. biopharmaceutical company co-founded in 1987 by Frank Baldino, Jr, pharmacologist, Michael Lewis, neuroscientist and James C. Kauer, organic chemist, all three former scientists with the DuPont Company.",
      "name": "Cephalon, Inc.",
      "Relation": "DATE_FOUNDED",
      "Object": "James C. Kauer"
    },
    {
      "id": "15570:10:24:84:101:2",
      "description": "Cephalon, Inc. was a U.S. biopharmaceutical company co-founded in 1987 by Frank Baldino, Jr, pharmacologist, Michael Lewis, neuroscientist and James C. Kauer, organic chemist, all three former scientists with the DuPont Company.",
      "name": "Cephalon, Inc.",
      "Relation": "DATE_FOUNDED",
      "Object": "Frank Baldino, Jr"
    },
    {
      "id": "15570:10:24:76:80:5",
      "description": "Cephalon, Inc. was a U.S. biopharmaceutical company co-founded in 1987 by Frank Baldino, Jr, pharmacologist, Michael Lewis, neuroscientist and James C. Kauer, organic chemist, all three former scientists with the DuPont Company.",
      "name": "Cephalon, Inc.",
      "Relation": "DATE_FOUNDED",
      "Object": "1987"
    },
    {
      "id": "1656:668:671:697:740:1",
      "description": "Our parent organization, the National Association of Corporate Directors, is the premier source of corporate governance information, education and training for directors and CEOs who are committed to raising standards and improving boardroom performance.",
      "name": "Our",
      "Relation": "SUBSIDIARY_OF",
      "Object": "National Association of Corporate Directors"
    },
    {
      "id": "1428:42:54:29:40:1",
      "description": "A subsidiary of CABAL Media, AtelierCABAL is an e-commerce based retail platform curating an eclectic mix of innovative products.",
      "name": "AtelierCABAL",
      "Relation": "SUBSIDIARY_OF",
      "Object": "CABAL Media"
    },
    {
      "id": "7720:245:265:193:202:6",
      "description": "Hundertmark travels between his hometown of Adelaide and Indonesia where he heads the drug discovery company PT Indo Bio Products and the molecular biology based developer, PT Indobio Diversita Guna.",
      "name": "PT Indo Bio Products",
      "Relation": "HEADQUARTERS",
      "Object": "Indonesia"
    },
    {
      "id": "7720:309:334:193:202:6",
      "description": "Hundertmark travels between his hometown of Adelaide and Indonesia where he heads the drug discovery company PT Indo Bio Products and the molecular biology based developer, PT Indobio Diversita Guna.",
      "name": "PT Indobio Diversita Guna",
      "Relation": "HEADQUARTERS",
      "Object": "Indonesia"
    },
    {
      "id": "7642:554:564:568:572:5",
      "description": "The origins of the company are complex, going back to the early 20th century and the initial enterprises (Horch and the Audiwerke) founded by engineer August Horch; and two other manufacturers (DKW and Wanderer), leading to the foundation of Auto Union in 1932.",
      "name": "Auto Union",
      "Relation": "DATE_FOUNDED",
      "Object": "1932"
    },
    {
      "id": "26753:738:761:811:821:6",
      "description": "Pittsburgh's E-Resource provides consultation services and is located in Pittsburgh.",
      "name": "Pittsburgh's E-Resource",
      "Relation": "HEADQUARTERS",
      "Object": "Pittsburgh"
    },
    {
      "id": "8844:704:706:685:697:6",
      "description": "The magazine moved its offices to San Clemente where it was published for more than 15 years before being purchased by Primedia, and later purchased again by supermarket magnate Ron Burkle's Source Interlink.",
      "name": "it",
      "Relation": "HEADQUARTERS",
      "Object": "San Clemente"
    },
    {
      "id": "8844:670:673:685:697:6",
      "description": "The magazine moved its offices to San Clemente where it was published for more than 15 years before being purchased by Primedia, and later purchased again by supermarket magnate Ron Burkle's Source Interlink.",
      "name": "its",
      "Relation": "HEADQUARTERS",
      "Object": "San Clemente"
    },
    {
      "id": "4552:27:52:82:90:6",
      "description": "Code Blue Computing, Inc. headquartered in Broomfield, Colorado is the leading IT provider to the Denver metro area.",
      "name": "Code Blue Computing, Inc.",
      "Relation": "HEADQUARTERS",
      "Object": "Colorado"
    },
    {
      "id": "4552:27:52:70:80:6",
      "description": "Code Blue Computing, Inc. headquartered in Broomfield, Colorado is the leading IT provider to the Denver metro area.",
      "name": "Code Blue Computing, Inc.",
      "Relation": "HEADQUARTERS",
      "Object": "Broomfield"
    },
    {
      "id": "29735:22:29:67:79:5",
      "description": "The Society, now Neuroblastoma UK, was formed in October 1982 by a group of parents whose children were suffering from or had died from neuroblastoma, a very aggressive childhood cancer affecting children up to about the age of 14 years.",
      "name": "Society",
      "Relation": "SUBSIDIARY_OF",
      "Object": "October 1982"
    },
    {
      "id": "29735:35:51:67:79:5",
      "description": "The Society, now Neuroblastoma UK, was formed in October 1982 by a group of parents whose children were suffering from or had died from neuroblastoma, a very aggressive childhood cancer affecting children up to about the age of 14 years.",
      "name": "Neuroblastoma UK",
      "Relation": "SUBSIDIARY_OF",
      "Object": "October 1982"
    },
    {
      "id": "8124:185:187:232:236:6",
      "description": "It is one of the national churches of Spain in Rome.",
      "name": "It",
      "Relation": "HEADQUARTERS",
      "Object": "Rome"
    },
    {
      "id": "222:285:296:362:367:3",
      "description": "Prior to founding his own practice in New York in 1986, Robert Kahn worked for James Stirling, Michael Wilford & Associates, London, where he was Senior Designer.",
      "name": "Robert Kahn",
      "Relation": "FOUNDED_BY",
      "Object": "where"
    },
    {
      "id": "222:368:370:308:352:3",
      "description": "Prior to founding his own practice in New York in 1986, Robert Kahn worked for James Stirling, Michael Wilford & Associates, London, where he was Senior Designer.",
      "name": "he",
      "Relation": "FOUNDED_BY",
      "Object": "James Stirling, Michael Wilford & Associates"
    },
    {
      "id": "222:368:370:362:367:3",
      "description": "Prior to founding his own practice in New York in 1986, Robert Kahn worked for James Stirling, Michael Wilford & Associates, London, where he was Senior Designer.",
      "name": "he",
      "Relation": "FOUNDED_BY",
      "Object": "where"
    },
    {
      "id": "222:247:250:362:367:3",
      "description": "Prior to founding his own practice in New York in 1986, Robert Kahn worked for James Stirling, Michael Wilford & Associates, London, where he was Senior Designer.",
      "name": "his",
      "Relation": "FOUNDED_BY",
      "Object": "where"
    },
    {
      "id": "222:285:296:308:352:3",
      "description": "Prior to founding his own practice in New York in 1986, Robert Kahn worked for James Stirling, Michael Wilford & Associates, London, where he was Senior Designer.",
      "name": "Robert Kahn",
      "Relation": "FOUNDED_BY",
      "Object": "James Stirling, Michael Wilford & Associates"
    },
    {
      "id": "222:247:250:308:352:3",
      "description": "Prior to founding his own practice in New York in 1986, Robert Kahn worked for James Stirling, Michael Wilford & Associates, London, where he was Senior Designer.",
      "name": "his",
      "Relation": "FOUNDED_BY",
      "Object": "James Stirling, Michael Wilford & Associates"
    },
    {
      "id": "7578:174:177:159:163:6",
      "description": "Based in Bonn, Germany, its subsidiaries operate GSM, UMTS and LTE-based cellular networks in Europe, the United States, Puerto Rico and the U.S. Virgin Islands.",
      "name": "its",
      "Relation": "HEADQUARTERS",
      "Object": "Bonn"
    },
    {
      "id": "7578:174:177:165:172:6",
      "description": "Based in Bonn, Germany, its subsidiaries operate GSM, UMTS and LTE-based cellular networks in Europe, the United States, Puerto Rico and the U.S. Virgin Islands.",
      "name": "its",
      "Relation": "HEADQUARTERS",
      "Object": "Germany"
    },
    {
      "id": "7578:174:177:244:250:6",
      "description": "Based in Bonn, Germany, its subsidiaries operate GSM, UMTS and LTE-based cellular networks in Europe, the United States, Puerto Rico and the U.S. Virgin Islands.",
      "name": "its",
      "Relation": "HEADQUARTERS",
      "Object": "Europe"
    },
    {
      "id": "589:874:877:894:928:1",
      "description": "Like our parent company, North America Mattress Corporation, Foam Warehouse NW is dedicated to integrity and quality.",
      "name": "our",
      "Relation": "SUBSIDIARY_OF",
      "Object": "North America Mattress Corporation"
    },
    {
      "id": "589:930:947:894:928:1",
      "description": "Like our parent company, North America Mattress Corporation, Foam Warehouse NW is dedicated to integrity and quality.",
      "name": "Foam Warehouse NW",
      "Relation": "SUBSIDIARY_OF",
      "Object": "North America Mattress Corporation"
    }
  ]
}
